{
  "hash": "96454546",
  "configHash": "9a272bf4",
  "lockfileHash": "12e58670",
  "browserHash": "e4b08fcb",
  "optimized": {
    "@angular/common": {
      "src": "../../../../../node_modules/@angular/common/fesm2022/common.mjs",
      "file": "@angular_common.js",
      "fileHash": "473bf9a9",
      "needsInterop": false
    },
    "@angular/common/http": {
      "src": "../../../../../node_modules/@angular/common/fesm2022/http.mjs",
      "file": "@angular_common_http.js",
      "fileHash": "8ef4b4dd",
      "needsInterop": false
    },
    "@angular/core": {
      "src": "../../../../../node_modules/@angular/core/fesm2022/core.mjs",
      "file": "@angular_core.js",
      "fileHash": "d0710681",
      "needsInterop": false
    },
    "@angular/forms": {
      "src": "../../../../../node_modules/@angular/forms/fesm2022/forms.mjs",
      "file": "@angular_forms.js",
      "fileHash": "afe0828d",
      "needsInterop": false
    },
    "@angular/material-moment-adapter": {
      "src": "../../../../../node_modules/@angular/material-moment-adapter/fesm2022/material-moment-adapter.mjs",
      "file": "@angular_material-moment-adapter.js",
      "fileHash": "45fdf9ab",
      "needsInterop": false
    },
    "@angular/material/button": {
      "src": "../../../../../node_modules/@angular/material/fesm2022/button.mjs",
      "file": "@angular_material_button.js",
      "fileHash": "b81bc1e8",
      "needsInterop": false
    },
    "@angular/material/core": {
      "src": "../../../../../node_modules/@angular/material/fesm2022/core.mjs",
      "file": "@angular_material_core.js",
      "fileHash": "bfe8a04e",
      "needsInterop": false
    },
    "@angular/material/datepicker": {
      "src": "../../../../../node_modules/@angular/material/fesm2022/datepicker.mjs",
      "file": "@angular_material_datepicker.js",
      "fileHash": "d8d683be",
      "needsInterop": false
    },
    "@angular/material/dialog": {
      "src": "../../../../../node_modules/@angular/material/fesm2022/dialog.mjs",
      "file": "@angular_material_dialog.js",
      "fileHash": "20ef547f",
      "needsInterop": false
    },
    "@angular/material/expansion": {
      "src": "../../../../../node_modules/@angular/material/fesm2022/expansion.mjs",
      "file": "@angular_material_expansion.js",
      "fileHash": "431c4e29",
      "needsInterop": false
    },
    "@angular/material/form-field": {
      "src": "../../../../../node_modules/@angular/material/fesm2022/form-field.mjs",
      "file": "@angular_material_form-field.js",
      "fileHash": "1afdde04",
      "needsInterop": false
    },
    "@angular/material/icon": {
      "src": "../../../../../node_modules/@angular/material/fesm2022/icon.mjs",
      "file": "@angular_material_icon.js",
      "fileHash": "e27241f4",
      "needsInterop": false
    },
    "@angular/material/input": {
      "src": "../../../../../node_modules/@angular/material/fesm2022/input.mjs",
      "file": "@angular_material_input.js",
      "fileHash": "f299b779",
      "needsInterop": false
    },
    "@angular/material/paginator": {
      "src": "../../../../../node_modules/@angular/material/fesm2022/paginator.mjs",
      "file": "@angular_material_paginator.js",
      "fileHash": "fc2b4ffa",
      "needsInterop": false
    },
    "@angular/material/select": {
      "src": "../../../../../node_modules/@angular/material/fesm2022/select.mjs",
      "file": "@angular_material_select.js",
      "fileHash": "387c1bb1",
      "needsInterop": false
    },
    "@angular/material/sort": {
      "src": "../../../../../node_modules/@angular/material/fesm2022/sort.mjs",
      "file": "@angular_material_sort.js",
      "fileHash": "6ffabb34",
      "needsInterop": false
    },
    "@angular/material/table": {
      "src": "../../../../../node_modules/@angular/material/fesm2022/table.mjs",
      "file": "@angular_material_table.js",
      "fileHash": "dc9bdf85",
      "needsInterop": false
    },
    "@angular/material/toolbar": {
      "src": "../../../../../node_modules/@angular/material/fesm2022/toolbar.mjs",
      "file": "@angular_material_toolbar.js",
      "fileHash": "9789bfb4",
      "needsInterop": false
    },
    "@angular/platform-browser": {
      "src": "../../../../../node_modules/@angular/platform-browser/fesm2022/platform-browser.mjs",
      "file": "@angular_platform-browser.js",
      "fileHash": "9e92cf84",
      "needsInterop": false
    },
    "@angular/platform-browser/animations": {
      "src": "../../../../../node_modules/@angular/platform-browser/fesm2022/animations.mjs",
      "file": "@angular_platform-browser_animations.js",
      "fileHash": "45e690c6",
      "needsInterop": false
    },
    "@angular/platform-browser/animations/async": {
      "src": "../../../../../node_modules/@angular/platform-browser/fesm2022/animations/async.mjs",
      "file": "@angular_platform-browser_animations_async.js",
      "fileHash": "e00dbf53",
      "needsInterop": false
    },
    "@angular/router": {
      "src": "../../../../../node_modules/@angular/router/fesm2022/router.mjs",
      "file": "@angular_router.js",
      "fileHash": "01292794",
      "needsInterop": false
    },
    "rxjs": {
      "src": "../../../../../node_modules/rxjs/dist/esm5/index.js",
      "file": "rxjs.js",
      "fileHash": "b8bfb166",
      "needsInterop": false
    }
  },
  "chunks": {
    "browser-TO4X2E4Y": {
      "file": "browser-TO4X2E4Y.js"
    },
    "chunk-KISX3N32": {
      "file": "chunk-KISX3N32.js"
    },
    "chunk-VKPDSHDV": {
      "file": "chunk-VKPDSHDV.js"
    },
    "chunk-KBTB5XLR": {
      "file": "chunk-KBTB5XLR.js"
    },
    "chunk-NC7OOWDL": {
      "file": "chunk-NC7OOWDL.js"
    },
    "chunk-2FUPQ4SX": {
      "file": "chunk-2FUPQ4SX.js"
    },
    "chunk-N66OAO6X": {
      "file": "chunk-N66OAO6X.js"
    },
    "chunk-Z6KYQJGA": {
      "file": "chunk-Z6KYQJGA.js"
    },
    "chunk-XGGYBI4Y": {
      "file": "chunk-XGGYBI4Y.js"
    },
    "chunk-BVN2SALL": {
      "file": "chunk-BVN2SALL.js"
    },
    "chunk-I6JKAABU": {
      "file": "chunk-I6JKAABU.js"
    },
    "chunk-E4K7FA62": {
      "file": "chunk-E4K7FA62.js"
    },
    "chunk-TH4OLQLZ": {
      "file": "chunk-TH4OLQLZ.js"
    },
    "chunk-MBGWKYX6": {
      "file": "chunk-MBGWKYX6.js"
    },
    "chunk-QCV7MVZE": {
      "file": "chunk-QCV7MVZE.js"
    },
    "chunk-MLG5VW3A": {
      "file": "chunk-MLG5VW3A.js"
    },
    "chunk-3BJMFTEP": {
      "file": "chunk-3BJMFTEP.js"
    },
    "chunk-PUO44O6U": {
      "file": "chunk-PUO44O6U.js"
    }
  }
}